area,posgrado,edad,genero,nivel,LR1,LR2,LR3,LR4,LR5,LR6,LR7,LR8,LR9,LR10,LR11
1,01,25,2,2,1,0,0,1,0,1,1,0,1,0,0
1,01,24,1,2,1,1,0,1,0,1,1,1,1,1,1
1,01,27,2,2,1,0,1,1,1,1,1,1,1,0,1
1,01,33,2,2,0,0,0,0,0,1,0,1,1,0,1
1,01,27,1,2,0,1,1,1,0,1,0,1,1,0,0
1,01,24,1,2,1,0,1,1,0,1,0,0,1,0,0
1,01,28,2,2,0,1,1,1,1,1,1,1,1,1,1
1,01,23,2,2,1,0,1,0,1,0,0,0,1,0,1
1,01,23,1,2,0,1,1,0,0,1,1,0,1,1,1
1,01,24,2,2,0,1,0,0,0,0,0,0,1,0,0
1,01,26,2,2,1,1,1,0,1,1,1,1,1,1,1
1,01,23,2,2,0,0,0,0,0,1,1,1,1,0,0
1,01,27,1,2,1,0,0,1,1,1,0,1,1,1,1
1,01,25,2,2,1,0,0,1,0,1,1,1,0,0,1
1,01,25,2,2,1,0,0,1,0,1,1,0,0,1,1
1,01,26,1,2,1,0,0,0,0,1,1,0,0,0,1
1,01,30,2,2,1,0,0,1,0,1,1,1,1,1,1
1,01,30,1,2,1,0,0,1,0,1,0,0,1,0,0
1,01,23,1,2,0,1,1,1,1,1,0,1,1,1,1
1,01,24,1,2,1,0,1,1,0,1,0,1,1,1,1
1,01,33,1,2,1,0,1,1,0,1,1,1,0,1,1
1,01,31,2,2,1,1,0,1,0,1,0,0,0,1,0
1,01,23,2,2,1,0,1,0,0,1,0,1,0,1,1
1,01,28,2,2,1,1,1,1,0,1,1,1,1,0,1
1,01,26,1,2,0,1,0,0,0,0,0,0,0,0,0
1,01,24,1,2,0,1,0,1,0,1,1,0,1,1,0
1,01,23,1,2,1,0,0,1,1,1,1,0,1,1,0
1,01,27,1,2,1,1,1,0,0,0,0,1,0,1,0
1,01,23,1,2,1,0,1,1,0,1,1,1,1,1,1
1,01,27,2,2,0,0,1,0,1,1,1,0,1,1,1
1,01,29,1,2,0,0,0,1,0,1,0,1,1,0,1
1,01,24,2,2,1,0,1,1,0,1,0,1,1,1,1
1,01,26,2,2,1,0,1,0,1,1,0,1,1,1,1
1,01,24,1,2,0,1,0,1,1,0,0,1,1,0,0
1,01,23,2,2,1,0,0,0,1,1,1,1,1,1,0
1,01,29,1,2,1,1,1,1,0,1,0,1,1,0,1
1,01,30,2,2,0,1,1,0,0,0,1,0,1,0,1
1,01,25,1,2,1,0,0,0,1,1,1,1,1,0,1
1,01,26,1,2,1,0,1,1,0,1,1,1,1,1,1
1,01,23,1,2,1,0,1,1,0,1,0,1,1,1,1
1,01,25,2,2,0,0,1,1,0,1,1,1,1,1,1
1,01,23,2,2,1,1,1,0,1,1,0,0,1,1,0
1,01,25,2,2,0,0,1,1,1,0,1,1,1,1,1
1,01,23,1,2,0,0,0,0,0,1,1,0,0,0,1
1,01,39,1,2,1,1,0,1,1,1,1,0,1,0,1
1,01,23,1,2,0,1,1,0,0,0,1,0,1,0,0
1,01,29,1,2,1,0,0,0,0,1,1,1,1,0,1
1,01,35,1,2,1,1,0,1,0,1,0,1,1,1,1
1,01,24,2,2,0,1,1,1,0,0,1,1,1,0,0
1,01,28,2,2,0,1,1,0,0,1,1,1,1,1,1
1,01,27,2,2,1,1,0,0,1,1,0,1,1,0,1
1,01,26,2,2,1,1,0,0,1,0,1,0,0,1,1
1,01,26,1,2,1,1,1,1,0,1,0,1,1,1,1
1,01,32,1,2,1,0,1,0,1,1,1,0,1,1,1
1,01,25,2,2,0,0,0,0,0,0,1,0,0,0,0
1,01,25,1,2,1,0,0,1,1,1,0,0,1,0,1
1,01,22,2,2,1,1,1,1,0,1,1,1,1,1,1
1,01,25,1,2,1,0,1,1,1,0,1,1,1,1,1
1,01,25,1,2,1,0,0,1,0,1,0,0,0,0,0
1,01,24,1,2,0,1,0,0,0,1,0,1,1,1,1
1,01,24,2,2,0,0,1,1,0,1,0,1,1,1,0
1,01,25,2,2,0,1,0,1,0,0,1,1,1,0,1
1,01,24,1,2,0,1,0,0,1,0,1,0,1,0,1
1,01,24,2,2,1,0,1,0,0,1,1,0,0,1,1
1,01,23,1,2,1,0,1,0,1,0,0,0,0,0,0
1,01,30,2,2,1,0,1,1,0,0,1,0,1,1,1
1,01,26,1,2,1,0,1,0,0,1,1,0,1,0,1
1,01,27,1,2,1,1,1,1,1,0,0,0,1,1,1
1,01,28,1,2,1,1,1,1,0,1,1,1,1,1,1
1,01,24,2,2,0,0,0,1,0,1,1,0,1,0,1
1,01,27,2,2,1,1,1,0,0,1,1,0,1,1,0
1,01,24,2,2,1,0,1,1,0,1,1,1,1,1,0
1,01,24,2,2,1,0,1,0,0,0,1,1,1,1,1
1,01,33,2,2,1,1,0,0,0,1,1,0,0,0,0
1,01,26,1,2,1,1,0,0,0,1,1,0,1,0,1
1,01,27,1,2,0,0,1,1,0,1,0,0,0,0,0
1,01,26,2,2,0,1,1,0,0,1,1,1,1,0,0
1,01,40,2,2,1,0,0,1,0,1,0,1,1,0,1
1,01,27,2,2,1,1,1,1,1,1,1,0,1,0,1
1,01,28,1,2,1,0,0,1,1,1,1,0,0,0,0
1,01,27,1,2,0,0,0,1,1,1,1,1,1,0,1
1,01,28,1,2,1,0,1,1,0,1,1,0,0,1,1
1,01,32,2,2,0,1,0,0,1,1,1,0,1,0,0
1,01,26,2,2,1,1,0,0,0,0,0,0,0,0,0
1,01,23,2,2,0,1,1,0,0,1,0,1,1,0,1
1,01,24,2,2,1,1,1,0,0,1,1,0,1,0,1
1,01,26,2,2,0,0,1,0,0,1,0,1,0,0,0
1,01,42,1,2,0,1,1,1,1,0,0,0,1,1,0
1,01,29,1,2,0,0,1,0,0,1,0,1,0,0,1
1,01,26,2,2,0,1,0,0,1,0,1,1,1,0,0
1,01,42,2,2,1,1,1,0,0,1,1,0,1,1,1
1,01,24,2,2,1,1,1,1,0,1,0,0,1,1,0
1,01,23,1,2,0,1,0,0,1,1,1,0,1,1,1
1,01,24,2,2,1,0,1,1,0,1,0,1,1,0,0
1,01,23,1,2,1,0,0,0,0,0,0,0,0,0,0
1,01,26,2,2,1,1,1,0,0,1,0,1,1,1,1
1,01,24,1,2,1,1,0,0,0,1,1,0,0,0,1
1,01,30,1,2,1,0,1,1,0,1,0,0,1,1,0
1,01,28,1,2,1,0,0,0,0,1,0,1,0,1,1
1,01,23,1,2,1,0,1,0,0,0,0,0,1,0,0
1,01,28,2,2,0,1,0,0,0,0,1,0,0,1,0
1,01,27,1,2,0,1,1,1,0,1,0,1,1,0,0
1,01,24,1,2,0,0,1,1,0,1,1,0,1,1,1
1,01,26,2,2,0,1,0,1,0,1,0,1,0,0,0
1,01,26,2,2,1,0,1,0,1,1,1,1,1,0,1
1,01,30,2,2,0,0,0,1,0,0,1,1,0,0,0
1,01,24,1,2,0,0,1,0,0,1,0,0,1,0,0
1,01,26,1,2,1,1,0,1,1,0,1,1,1,0,1
1,01,29,1,2,0,0,1,0,0,0,0,0,0,1,1
1,01,23,2,2,1,1,1,0,0,1,1,0,1,1,1
1,01,27,2,2,0,1,0,1,0,0,1,0,1,1,1
1,01,32,2,2,1,0,1,0,1,1,1,0,1,0,0
1,01,28,2,2,1,0,1,1,0,1,1,1,1,1,1
1,01,22,1,2,0,1,1,0,0,1,1,1,1,0,0
1,01,26,1,2,1,0,1,0,0,0,0,0,1,0,1
1,01,23,2,2,1,0,1,0,0,1,1,1,1,1,1
1,01,26,1,2,0,1,1,0,0,1,1,0,1,0,1
1,01,23,2,2,1,0,1,1,0,1,1,1,1,0,1
1,01,22,1,2,0,1,1,0,0,0,1,0,1,0,1
1,01,25,1,2,1,1,1,0,0,0,1,0,1,1,1
1,01,23,1,2,0,0,0,0,0,1,0,0,0,0,0
1,01,23,1,2,0,1,1,0,1,0,1,1,1,1,1
1,01,37,2,2,0,0,0,0,0,0,0,0,1,0,1
1,01,26,2,2,1,0,0,0,1,1,1,1,0,1,1
1,01,25,1,2,1,1,1,1,0,1,0,0,1,0,1
1,01,24,2,2,1,0,0,0,0,1,1,1,1,1,1
1,01,31,2,2,1,0,1,0,0,0,0,0,1,0,0
1,01,24,1,2,1,1,1,0,0,0,1,0,1,0,1
1,01,24,2,2,1,1,1,0,0,1,1,1,1,1,1
1,01,23,1,2,0,1,1,1,0,1,0,0,0,1,1
1,01,23,2,2,1,0,1,0,0,0,1,0,1,0,0
1,01,25,1,2,0,0,0,0,1,1,0,0,0,0,0
1,01,27,2,2,1,0,1,0,1,1,1,0,1,1,0
1,01,26,2,2,1,0,1,1,1,1,0,1,1,1,1
1,01,23,1,2,1,1,1,1,1,1,0,1,1,0,1
1,01,24,2,2,0,0,1,0,1,0,1,0,1,0,0
1,01,25,2,2,1,0,0,0,0,1,1,1,0,0,0
1,01,22,1,2,1,1,0,1,0,1,1,1,1,1,1
1,01,25,1,2,0,0,0,1,0,1,1,1,1,0,0
1,01,24,2,2,1,1,1,0,0,1,1,0,1,1,0
1,01,27,1,2,0,1,1,1,0,1,1,1,1,1,1
1,01,25,1,2,1,1,1,1,0,1,1,1,1,1,1
1,01,26,2,2,1,1,1,1,0,1,1,1,1,0,1
1,01,24,1,2,1,0,1,1,1,1,1,1,1,1,0
1,01,24,2,2,1,0,1,0,0,1,1,1,1,1,1
1,01,26,1,2,1,1,0,1,0,1,1,0,1,1,1
1,01,29,1,2,1,1,1,1,1,1,1,1,1,0,1
2,03,29,2,3,1,1,1,0,0,1,1,0,1,0,1
2,03,30,1,3,1,0,0,0,1,0,0,1,1,0,1
2,03,24,2,2,0,0,0,1,1,1,1,0,0,0,1
2,03,28,1,2,0,1,0,1,1,1,0,0,0,0,0
2,03,28,2,3,0,1,0,0,1,1,0,1,1,0,1
2,03,25,2,2,1,1,1,0,0,0,1,0,1,0,1
2,03,27,1,2,1,1,0,0,0,0,1,0,0,0,0
2,03,26,2,2,0,0,1,0,0,1,1,0,1,1,0
2,03,24,2,2,1,0,0,0,0,1,1,1,0,1,1
2,03,21,2,2,1,0,0,1,0,1,1,0,1,1,0
2,03,33,2,3,0,0,0,1,0,1,1,1,1,0,1
2,03,24,1,2,1,1,0,0,0,1,1,0,1,0,1
2,03,24,2,2,1,0,1,0,0,0,1,0,1,1,1
2,03,24,1,2,0,1,0,0,0,1,1,1,0,0,0
2,03,26,2,2,0,1,1,0,1,0,1,1,1,0,1
2,03,24,2,2,1,0,0,0,0,1,1,1,1,0,0
2,03,23,2,2,1,0,1,0,1,1,0,0,1,0,1
2,03,33,2,3,0,1,0,0,1,1,1,0,1,0,0
2,03,24,2,2,1,1,0,1,0,1,1,0,1,0,0
2,03,24,2,2,1,0,1,1,0,1,1,1,1,1,1
2,03,25,2,2,0,0,1,0,0,0,0,1,0,0,1
2,03,27,1,2,0,1,0,0,1,1,1,1,0,1,0
2,03,26,1,2,1,0,0,1,0,1,1,1,1,0,0
2,03,38,1,3,1,0,1,0,0,1,1,0,0,1,0
2,03,24,1,2,1,0,1,1,0,1,1,0,1,1,0
2,03,29,2,3,0,0,1,0,0,1,1,0,1,1,0
2,03,45,1,3,0,0,0,1,0,1,0,0,0,0,0
2,03,23,2,2,0,0,1,0,0,1,0,0,0,0,0
2,03,28,2,3,1,0,1,0,0,0,0,1,0,1,0
2,03,33,1,3,0,1,0,0,0,1,0,0,0,0,0
2,03,27,2,3,1,0,1,0,1,1,1,1,0,1,0
2,03,26,2,2,0,1,0,1,0,1,1,0,1,1,0
2,03,26,1,2,0,1,0,0,0,1,1,0,1,0,0
2,03,23,2,2,1,1,0,1,0,0,1,0,1,1,1
2,03,62,1,3,1,0,1,1,1,1,1,1,1,1,1
2,03,35,2,2,0,0,1,0,0,1,1,1,1,1,1
2,03,25,2,2,1,0,1,0,0,1,1,0,1,0,1
2,03,28,2,2,1,0,0,0,0,1,1,0,1,1,1
2,03,24,2,2,1,0,1,1,1,1,0,1,1,1,1
2,03,24,2,2,1,0,1,0,0,0,1,1,1,1,1
2,03,27,1,2,1,1,1,1,0,1,0,0,1,1,0
2,03,25,2,2,0,0,1,0,0,1,1,1,1,1,0
2,03,23,2,2,0,1,1,0,0,0,1,0,1,0,0
2,03,46,1,3,1,1,0,1,0,1,1,0,0,0,1
2,03,23,1,2,0,0,0,1,0,0,0,0,1,1,0
2,03,24,2,2,0,0,0,0,0,1,1,0,1,0,0
2,03,26,1,2,1,0,0,1,0,1,1,1,1,1,1
2,03,24,1,2,1,1,1,0,0,1,0,0,1,1,1
2,03,31,1,3,1,1,0,1,1,1,0,0,1,1,1
2,03,47,1,2,1,0,0,0,0,0,1,0,1,0,1
2,03,32,1,3,1,1,0,0,0,1,1,1,1,1,1
2,03,24,2,2,1,0,1,1,0,1,0,1,0,1,1
2,03,26,1,2,1,0,1,0,0,1,1,0,0,1,0
2,03,29,2,2,0,1,0,0,0,1,1,1,1,1,1
2,03,25,2,2,1,0,0,0,0,0,1,1,1,0,0
2,03,36,1,3,1,1,1,0,1,1,0,0,1,0,1
2,03,26,2,2,0,0,1,0,0,0,0,1,1,0,1
2,03,22,1,2,1,0,1,1,0,0,0,0,0,0,0
2,03,26,1,3,1,1,1,1,0,1,1,1,1,1,1
2,03,29,2,3,0,0,1,1,1,1,1,0,1,1,1
2,03,24,2,2,1,1,0,0,0,1,1,1,1,1,1
2,03,25,2,2,1,0,1,0,0,1,1,0,0,0,0
2,03,24,1,2,1,0,0,1,0,1,1,1,1,0,0
2,03,29,1,2,0,1,0,0,0,1,0,0,0,0,1
2,03,26,2,2,0,0,1,1,0,1,1,1,0,1,0
2,03,30,2,3,0,0,0,1,1,0,1,0,0,1,0
2,03,34,2,3,1,0,1,0,0,1,1,0,0,1,0
2,03,27,1,2,1,1,1,0,0,0,1,1,1,1,0
2,03,25,1,2,1,1,1,0,1,0,0,0,0,1,0
2,03,23,1,2,1,1,0,1,1,1,1,1,0,1,0
2,03,22,2,2,1,1,0,1,0,0,1,0,0,0,1
2,03,,2,2,1,0,1,1,0,1,1,0,0,1,1
2,03,22,2,2,1,0,1,1,1,1,1,1,1,1,1
2,03,31,1,3,0,1,1,1,0,1,1,1,1,0,0
2,03,25,2,2,0,0,0,0,0,1,1,0,1,0,1
2,03,23,2,2,0,1,0,1,0,1,0,1,0,0,0
2,03,33,1,3,1,0,1,1,0,1,0,1,1,1,1
2,03,25,2,2,1,1,0,1,0,0,1,1,1,0,0
2,03,23,2,2,0,0,0,1,0,1,0,1,1,1,1
2,03,25,2,2,1,1,1,0,1,1,0,0,1,1,1
2,03,27,1,2,1,0,1,0,0,1,1,0,1,0,0
2,03,36,2,3,1,0,0,1,0,1,0,0,0,0,1
2,03,23,2,2,1,0,0,0,0,0,1,1,1,1,1
2,03,24,2,2,1,1,0,1,1,1,1,0,0,0,1
2,03,24,2,2,0,0,0,0,0,1,1,1,1,1,0
2,02,,2,3,1,0,1,0,0,1,0,1,1,0,0
2,02,,1,2,1,0,1,0,1,0,1,0,1,0,0
2,02,,2,2,0,0,1,0,0,1,1,1,1,1,0
2,02,,2,2,0,0,0,1,0,1,1,1,1,0,1
2,02,,2,2,1,1,0,1,1,1,1,1,1,0,1
2,02,,2,2,1,0,0,0,1,1,1,1,0,0,0
2,02,,1,3,1,1,1,1,1,1,1,1,1,1,0
2,02,,2,3,1,0,1,0,1,1,0,0,1,0,0
2,02,,1,2,1,1,1,0,0,1,0,0,0,0,0
2,02,,1,3,1,0,1,0,0,1,1,1,1,1,1
2,02,,1,2,0,1,1,0,1,0,0,0,0,0,1
2,02,,2,2,1,0,1,0,0,1,1,1,1,0,0
2,02,,1,2,0,1,0,1,0,1,0,0,1,1,1
2,02,,1,3,0,1,1,1,0,1,1,0,1,0,1
2,02,,1,3,1,1,1,1,0,1,1,1,0,0,0
2,02,,1,2,1,0,0,1,0,0,0,1,1,1,1
2,02,,2,2,1,1,1,1,1,1,1,0,1,0,0
2,02,,1,2,0,1,1,0,1,1,0,0,1,0,0
2,02,,1,2,0,1,0,0,0,0,0,0,1,0,1
2,02,,1,3,1,1,1,0,1,1,0,0,1,0,1
2,02,,1,2,0,0,1,1,1,1,1,1,1,0,0
2,02,,1,2,1,1,1,0,0,0,0,0,1,0,0
2,02,,2,2,1,1,0,1,0,1,1,0,1,1,0
2,02,,1,2,1,0,1,0,0,1,1,1,0,1,1
2,02,,2,2,0,0,0,1,0,1,0,0,1,0,0
2,02,,2,2,1,0,1,0,1,0,0,0,0,0,0
2,02,,2,2,1,1,0,1,1,1,1,1,1,1,0
2,02,,2,2,1,0,0,0,1,1,0,0,1,0,1
2,02,,2,2,1,0,0,0,0,1,1,1,1,1,0
2,02,,2,2,1,0,0,0,0,1,1,1,1,1,1
2,02,,1,2,0,0,1,0,0,1,0,1,1,0,1
2,02,,1,3,1,1,1,0,1,1,1,1,1,1,1
2,02,,1,3,0,0,0,0,0,1,0,0,0,0,1
2,02,,1,2,1,0,0,1,1,1,1,0,1,0,0
2,02,,2,3,0,1,1,0,0,0,1,0,0,0,1
2,02,,1,2,1,1,0,1,0,1,1,1,1,0,1
2,02,,2,2,1,1,1,0,0,1,0,0,1,1,1
2,02,,1,3,0,0,0,0,0,1,1,0,1,1,1
2,02,,1,2,0,1,0,1,0,1,1,1,0,0,1
2,02,,2,2,1,0,0,0,0,0,1,0,0,0,1
2,02,,2,3,1,0,1,1,0,0,1,0,1,1,1
2,02,,1,3,1,0,1,0,0,1,0,1,1,1,0
2,02,,2,2,0,1,0,0,0,1,1,0,0,1,0
2,02,,1,2,1,1,0,1,0,0,0,1,1,0,1
2,02,,1,2,1,0,1,1,0,1,0,0,1,1,1
2,02,,1,2,1,0,1,0,1,1,1,0,0,0,0
2,02,,2,2,0,0,1,0,1,1,0,1,1,0,1
2,02,,2,2,1,0,1,0,0,1,1,0,1,1,1
2,02,,1,3,0,1,0,1,1,1,0,1,1,1,0
2,02,,2,3,0,0,1,1,0,1,0,0,1,0,1
2,02,,2,2,1,0,1,0,0,0,0,0,1,0,0
2,02,,1,2,0,0,1,1,0,1,1,1,1,0,0
2,02,,1,3,1,0,1,0,1,1,1,0,1,1,0
2,02,,1,2,1,0,0,0,1,1,0,0,1,1,1
2,02,,1,3,1,1,1,1,1,1,0,0,1,1,0
2,02,,1,3,1,1,1,0,0,1,0,1,1,1,0
2,02,,1,3,1,1,1,0,0,1,0,1,1,1,1
2,02,,1,3,0,0,0,0,1,1,1,1,1,1,1
2,02,,1,2,0,0,0,0,1,1,1,1,0,1,1
2,02,,2,2,0,0,0,0,1,0,0,1,1,1,0
2,02,,2,2,0,0,0,1,0,1,1,1,1,1,1
2,02,,1,2,0,0,1,0,0,0,1,0,1,0,1
2,02,,2,2,0,0,1,1,1,1,0,1,0,1,0
2,02,,1,3,1,0,1,0,0,1,1,0,0,1,0
2,02,,1,2,1,0,1,0,,1,1,0,1,0,1
2,02,,1,2,0,0,1,1,0,1,1,1,1,0,0
2,02,,1,2,0,1,1,0,0,0,1,0,0,1,0
2,02,,2,2,0,0,0,0,0,1,1,0,1,0,1
2,02,,1,2,1,1,1,0,1,1,0,0,1,0,0
2,02,,2,2,0,0,0,0,1,1,1,0,0,0,0
2,02,,2,2,1,1,1,0,0,1,1,0,1,1,1
2,02,,1,3,1,1,1,0,0,1,1,1,1,1,1
2,02,,1,2,1,1,0,1,0,0,0,0,1,1,0
2,02,,2,2,0,0,1,0,0,0,1,0,1,0,1
2,02,,2,2,1,0,0,0,0,1,1,0,0,0,1
2,02,,2,2,1,0,1,1,1,1,0,1,1,1,1
2,02,,1,2,0,1,0,0,0,1,1,0,1,0,1
2,02,,1,2,0,0,1,0,0,0,0,1,1,1,0
2,02,,2,3,1,1,0,0,1,1,1,0,0,1,1
2,02,,2,3,0,1,1,1,1,1,1,0,1,1,0
2,02,,1,3,0,0,0,1,0,0,1,0,1,1,1
2,02,,1,2,1,0,1,0,1,1,1,0,0,1,1
2,02,,2,2,1,1,0,1,0,1,0,1,1,1,0
2,02,,2,3,0,0,0,0,1,1,1,1,1,1,0
2,02,,2,2,0,0,1,0,1,1,1,1,1,1,0
2,02,,2,2,1,0,0,0,0,1,1,0,1,0,0
2,02,,2,2,1,0,0,0,0,1,1,1,1,1,1
2,02,,1,3,1,0,1,0,0,1,1,0,1,1,1
2,02,,2,3,0,1,0,0,0,1,1,1,1,0,1
2,02,,2,3,1,0,1,0,1,1,0,0,1,0,1
2,02,,2,3,1,1,1,1,0,1,0,0,1,1,1
2,02,,2,3,1,1,1,1,0,0,1,1,1,1,0
2,02,,1,2,1,0,1,1,1,1,0,0,1,0,0
2,02,,1,2,1,0,0,0,1,1,1,1,1,0,0
2,02,,1,3,1,0,1,0,0,1,1,0,0,1,1
2,02,,2,3,1,1,1,1,1,1,1,0,0,1,1
2,02,,2,2,1,1,1,0,0,1,1,1,1,0,1
2,02,,1,3,1,1,0,0,0,1,1,1,1,1,0
2,02,,2,3,0,0,1,0,1,1,0,1,1,1,0
2,02,,1,2,1,1,1,0,1,1,1,1,1,0,0
2,02,,1,2,0,1,1,0,0,1,1,1,1,0,0
2,02,,2,3,1,0,1,1,1,1,0,0,1,0,0
2,02,,1,2,1,1,0,0,1,1,0,1,0,1,1
2,02,,1,2,1,0,1,0,0,1,0,0,1,1,1
2,02,,1,3,1,1,0,0,0,1,1,0,0,0,1
2,02,,2,2,0,1,0,0,1,0,0,0,0,0,1
2,02,,1,2,1,0,1,1,0,1,1,0,0,0,1
2,02,,1,2,1,1,0,0,0,1,1,1,1,1,1
2,02,,2,2,1,1,1,0,0,1,1,1,1,1,1
2,02,,1,3,1,1,1,0,0,1,0,0,0,0,0
2,02,,1,2,1,1,0,0,0,1,1,1,1,1,0
2,02,,2,2,1,0,1,1,1,1,0,0,1,0,0
2,02,,2,2,1,0,0,0,1,1,0,1,1,1,0
2,02,,1,2,1,1,0,1,0,1,0,1,1,1,1
2,02,,1,2,1,0,0,1,0,1,1,1,1,1,0
2,02,,1,3,1,0,0,0,0,0,0,0,0,1,0
2,02,,1,2,1,0,0,0,0,0,0,0,0,0,0
2,02,,1,2,0,0,0,0,0,1,0,0,1,1,0
2,02,,1,3,1,1,1,1,0,1,1,0,0,1,1
2,02,,2,2,0,1,0,0,0,1,0,1,1,0,1
2,02,,2,3,1,0,1,0,1,1,0,0,1,0,1
2,02,,1,2,0,1,0,0,0,0,0,0,0,0,0
2,02,,2,2,0,0,0,0,0,1,1,0,1,0,1
2,02,,2,2,0,1,1,0,0,0,1,0,0,0,0
2,02,,1,2,1,1,1,0,1,1,0,1,1,1,1
2,02,,1,2,0,1,0,1,1,1,1,0,0,1,0
2,02,,1,3,1,0,1,0,0,0,0,1,0,1,0
2,02,,1,3,1,0,1,0,0,1,1,1,1,0,1
2,02,,2,2,0,0,0,0,0,0,1,0,1,1,
2,02,,1,3,1,0,0,0,0,1,1,1,0,0,1
2,02,,1,2,1,1,1,0,1,1,1,1,0,1,0
2,02,,1,2,1,1,1,1,0,1,1,1,1,0,1
2,02,,1,2,1,1,0,0,1,1,1,1,1,1,0
2,02,,1,2,1,0,1,1,1,1,0,0,0,0,1
2,02,,1,2,1,1,0,0,0,0,1,0,1,1,1
2,02,,2,2,1,1,1,0,1,0,1,0,0,1,1
2,02,,2,3,0,1,0,0,0,1,1,0,1,0,1
2,02,,1,3,1,0,1,1,1,0,0,1,1,1,0
2,02,,1,3,1,1,0,0,0,1,0,1,1,0,1
2,02,,2,2,1,0,1,0,0,1,1,0,1,0,1
2,02,,1,2,0,0,1,1,1,1,1,1,0,0,0
2,02,,2,2,0,1,1,0,0,1,1,0,1,1,1
2,02,,1,2,0,1,0,0,0,0,0,1,0,0,0
2,02,,1,2,1,1,1,0,0,0,0,1,0,1,1
2,02,,1,3,1,0,1,0,0,1,0,0,1,0,0
2,02,,1,2,1,0,0,0,1,0,1,1,1,0,0
2,02,,2,2,1,1,1,1,0,1,0,0,1,1,1
2,02,,1,2,0,0,0,0,1,1,0,0,1,0,1
2,02,,2,2,0,0,0,0,0,1,1,0,0,1,0
2,02,,1,2,0,1,1,1,0,0,1,0,1,0,0
2,02,,2,3,1,1,1,1,0,1,1,0,0,1,0
2,02,,2,2,0,0,0,0,0,0,1,1,1,0,1
2,02,,2,2,1,1,0,0,0,0,1,0,0,1,0
2,02,,1,2,0,1,0,1,1,1,1,1,1,1,1
2,02,,2,2,1,1,1,1,0,1,1,0,0,1,1
2,02,,2,2,1,0,0,0,0,0,1,0,1,1,0
2,02,,2,2,1,0,1,1,0,0,1,1,1,1,0
2,02,,1,2,1,0,0,0,0,1,1,1,0,0,1
2,02,,1,2,1,0,1,0,0,1,0,0,1,1,1
2,02,,1,3,0,1,0,0,0,1,1,0,1,1,1
2,02,,1,2,0,0,0,0,0,1,0,0,0,0,0
2,02,,1,3,1,0,1,1,1,1,1,0,1,1,0
2,02,,1,3,0,1,0,0,0,1,0,1,1,1,0
2,02,,1,3,1,1,1,1,1,1,0,1,1,1,1
2,02,,2,2,1,1,0,0,1,1,1,0,1,0,0
2,02,,2,3,0,0,0,0,1,1,1,1,1,1,0
2,02,,1,3,1,0,0,0,0,1,1,0,1,1,1
2,02,,2,2,1,1,0,1,1,0,1,0,1,1,1
2,02,,2,2,0,1,1,1,0,0,1,0,0,1,1
2,02,,1,2,1,0,1,0,1,1,1,0,1,0,1
2,02,,1,3,1,1,0,0,0,0,1,1,1,0,0
2,02,,1,3,0,0,0,0,1,0,1,1,1,1,1
2,02,,1,2,1,1,1,0,0,1,0,0,1,1,0
2,02,,1,3,0,1,0,0,1,1,1,1,1,1,1
2,02,,2,2,1,1,0,1,0,1,0,1,1,0,1
2,02,,2,2,1,0,1,1,1,1,1,1,1,0,0
2,02,,2,2,1,1,1,1,1,1,1,0,0,0,0
2,02,,1,3,0,0,1,1,1,0,1,0,1,1,1
2,02,,1,2,1,1,1,0,0,0,0,0,0,0,1
2,02,,2,2,0,1,1,0,0,0,1,1,1,1,1
2,02,,2,2,0,0,1,1,0,1,1,1,1,0,0
2,02,,2,2,1,1,1,0,1,1,1,1,1,0,1
2,02,,2,2,0,1,1,0,1,0,0,0,0,1,0
2,02,,1,2,0,0,0,0,0,1,1,1,1,0,1
2,02,,2,2,1,0,0,0,0,0,0,0,0,1,1
2,02,,2,2,1,0,1,0,0,1,1,0,1,1,1
2,02,,2,2,1,1,0,0,1,1,1,1,0,0,0
2,02,,2,2,0,1,1,1,0,1,1,1,1,1,0
2,02,,1,2,1,1,1,0,0,1,0,1,0,1,1
2,02,,2,2,1,0,1,0,0,1,1,0,1,1,1
2,02,,1,2,1,1,1,1,0,1,1,1,1,1,0
2,02,,1,2,0,0,1,1,1,1,1,1,1,1,1
2,02,,1,2,1,1,1,0,0,1,1,1,1,1,1
2,02,,2,2,1,1,0,1,0,0,1,1,1,1,1
2,02,,2,2,1,0,1,0,1,1,1,0,1,1,1
2,02,,2,2,0,0,1,0,0,1,1,0,1,1,1
2,02,,2,2,1,1,1,0,0,1,0,0,1,1,1
2,02,,1,2,0,1,1,0,0,1,1,0,0,1,0
2,02,,2,2,1,0,1,1,1,1,1,0,0,0,1
2,02,,1,2,1,1,1,0,0,1,1,0,1,1,1
2,02,,1,2,1,1,0,0,0,0,0,0,1,0,0
2,02,,2,2,1,1,0,0,1,1,0,1,1,1,1
2,02,,2,2,0,1,1,0,0,1,1,1,1,0,1
2,02,,1,2,1,0,1,0,0,1,1,0,1,0,1
2,02,,2,2,0,1,1,1,1,1,1,0,1,1,1
2,02,,1,2,0,1,0,1,0,1,0,0,1,1,1
2,02,,2,2,0,1,0,0,1,0,0,0,1,1,1
2,02,,2,2,1,1,1,0,1,0,1,0,1,0,0
2,02,,2,2,0,0,1,1,0,0,0,0,0,0,1
2,02,,2,2,0,0,1,0,0,1,0,0,0,0,0
2,02,,1,2,1,0,1,0,0,1,1,1,0,1,1
2,02,,2,2,1,1,0,0,0,1,1,0,1,0,1
2,02,,1,2,1,1,1,1,0,0,0,1,1,1,1
2,02,,2,2,1,0,1,1,0,1,1,0,1,1,1
2,02,,1,2,1,1,1,1,1,0,0,0,1,1,1
2,02,,2,2,1,0,0,0,0,1,1,0,1,0,0
2,02,,1,2,1,1,0,0,1,1,1,1,1,1,0
2,02,,1,2,0,1,1,0,0,1,1,1,1,0,1
2,02,,1,2,0,0,0,0,0,1,1,1,0,0,1
2,02,,1,2,1,0,1,0,0,0,0,0,1,0,1
2,02,,2,2,1,1,0,0,0,1,1,1,0,0,1
2,02,,1,2,0,0,0,0,1,1,0,0,1,0,1
2,02,,2,2,1,1,1,0,0,1,0,1,0,0,0
2,02,,1,2,0,0,1,0,1,0,1,0,1,0,0
2,02,,1,2,0,0,0,0,0,0,0,0,1,0,1
2,02,,1,2,1,0,1,1,0,1,1,1,1,1,0
2,02,,1,2,0,0,1,1,0,0,1,0,0,0,1
2,02,,2,2,0,1,0,1,0,1,0,1,1,1,1
2,02,,1,2,0,0,1,1,1,1,0,0,1,0,0
2,02,,1,2,0,0,1,1,1,1,0,0,1,0,1
2,02,,2,2,1,0,1,0,1,1,0,1,0,0,1
2,02,,1,2,1,0,0,1,1,0,1,0,0,0,0
2,02,,1,2,1,0,0,0,1,1,1,0,0,0,1
2,02,,1,2,1,0,1,0,0,1,0,1,1,0,1
2,02,,1,2,0,1,1,1,0,0,0,0,0,1,0
2,02,,1,2,1,1,0,1,0,1,1,1,1,0,1
2,02,,1,2,0,1,0,0,0,0,0,0,1,0,1
2,02,,2,2,1,1,0,1,0,1,1,1,1,1,1
2,02,,1,2,1,0,1,0,0,1,1,0,1,1,1
2,02,,1,2,0,0,0,0,1,1,1,1,1,0,0
2,02,,1,2,,0,0,1,0,1,0,0,1,1,1
2,02,,2,2,1,1,0,1,0,1,0,1,1,1,1
2,02,,2,3,1,0,1,0,0,0,1,0,0,1,1
2,02,,2,3,1,0,0,0,0,0,0,1,0,1,0
2,02,,2,3,0,0,1,1,0,1,0,0,1,1,1
2,02,,2,3,1,0,1,0,0,1,1,1,1,1,1
2,02,,1,3,1,0,0,0,0,0,1,0,1,0,1
2,02,,1,3,0,1,1,0,0,1,1,0,1,0,0
2,02,,1,3,0,0,0,1,0,0,1,0,1,0,0
2,02,,2,3,1,0,1,0,1,1,1,0,0,0,0
2,02,,2,3,1,1,1,1,0,0,0,0,0,1,1
2,02,,2,3,1,1,0,0,0,1,1,0,1,0,1
2,02,,1,3,0,0,0,0,1,1,1,1,1,0,0
2,02,,2,3,0,0,0,0,0,1,1,1,1,1,1
2,02,,2,3,0,1,1,1,0,1,1,0,0,1,1
2,02,,2,3,1,1,1,1,1,0,0,0,1,1,1
2,02,,1,3,0,1,1,1,0,0,0,0,1,1,1
2,02,,1,3,1,0,1,0,0,1,0,0,1,0,1
2,02,,1,3,1,0,0,1,0,1,1,0,1,0,1
2,02,,2,,0,0,0,0,0,1,1,1,0,1,0
2,02,,2,2,1,0,0,1,0,1,1,0,1,0,1
2,02,,1,2,1,0,1,0,0,1,1,0,1,0,0
2,02,,1,2,1,0,1,0,0,1,0,1,1,1,1
2,02,,1,2,0,1,0,0,0,1,1,1,1,1,0
2,02,,2,2,0,1,1,0,0,1,1,0,1,0,1
2,02,,2,2,0,0,1,0,0,0,1,0,0,0,0
2,02,,1,2,1,0,1,1,1,1,1,0,0,0,1
2,02,,2,2,0,0,1,1,0,0,0,1,1,0,0
2,02,,2,2,1,0,0,1,1,0,1,0,1,0,1
2,02,,2,2,0,0,1,0,0,1,0,0,1,0,1
2,02,,2,2,1,0,0,0,1,1,1,0,1,1,1
2,02,,1,2,1,1,0,1,0,1,1,1,1,1,1
2,02,,1,2,1,1,1,1,0,1,1,1,0,1,0
2,02,,1,2,0,1,1,1,0,0,1,0,0,1,
2,02,,1,2,1,0,1,1,1,0,0,1,1,0,0
2,02,,1,2,0,0,1,0,0,1,1,1,1,0,1
2,02,,1,2,1,0,1,0,1,0,1,0,1,0,1
2,02,,1,2,1,1,0,1,0,0,1,1,0,0,0
2,02,,2,2,0,0,1,0,0,0,1,0,1,0,0
2,02,,2,2,0,0,0,0,0,0,0,0,1,1,0
2,02,,1,2,1,0,1,1,0,1,1,1,1,1,1
2,02,,2,2,1,1,1,1,1,1,0,0,0,0,1
2,02,,2,2,1,0,1,0,0,1,1,1,0,0,0
2,02,,1,2,0,1,0,0,0,1,1,1,1,0,1
2,02,,1,2,0,0,1,1,0,1,0,1,0,0,0
2,02,,1,2,1,0,1,1,0,1,1,1,1,0,0
2,02,,1,2,1,1,1,0,0,1,0,0,1,1,1
2,02,,2,2,1,0,0,0,0,1,0,0,1,1,0
2,02,,1,2,1,0,1,1,1,1,0,1,1,0,0
2,02,,2,2,1,1,0,0,1,1,0,0,1,1,1
2,02,,1,2,0,1,0,0,0,0,1,0,0,0,0
2,02,,1,2,1,0,0,1,0,1,1,0,1,1,0
2,02,,2,2,1,1,1,0,1,1,1,0,0,0,1
2,02,,2,2,0,1,0,0,0,1,0,0,0,0,1
2,02,,1,2,1,1,0,1,0,1,0,1,0,1,1
2,02,,2,2,1,1,0,0,0,0,1,0,1,1,1
2,02,,1,2,0,0,1,0,0,0,0,0,0,0,0
2,02,,1,2,0,1,1,0,0,1,1,0,1,0,1
2,02,,1,2,1,0,0,0,0,0,1,1,1,1,0
2,02,,2,2,0,0,0,1,0,1,1,0,1,0,0
2,02,,2,2,1,0,1,0,0,1,1,0,0,1,0
2,02,,1,2,1,1,1,0,1,1,0,0,1,0,0
2,02,,1,2,1,1,1,1,1,1,0,1,1,1,1
2,02,,2,2,0,0,0,1,0,0,1,0,0,1,1
2,02,,1,2,1,0,1,0,1,1,1,0,1,0,0
2,02,,1,2,1,0,0,1,0,1,0,1,0,0,1
2,02,,1,2,0,0,1,0,0,1,1,1,1,0,1
2,02,,2,2,0,0,0,0,1,1,1,0,0,1,1
2,02,,2,2,1,1,0,1,0,1,0,1,1,1,1
2,02,,1,2,1,1,0,1,1,1,1,0,1,0,0
2,02,,1,2,0,1,0,0,0,0,0,1,0,0,0
2,02,,2,2,0,1,0,0,0,0,1,0,1,1,0
2,02,,2,2,1,0,0,1,0,0,1,0,0,1,0
2,02,,2,2,0,0,1,1,0,1,1,1,0,0,0
2,02,,2,2,0,0,1,1,0,1,1,0,0,1,1
2,02,,2,3,0,0,0,0,1,1,0,0,1,0,1
2,02,,1,3,1,0,1,1,0,0,1,1,1,1,1
2,02,,1,3,1,0,1,0,0,1,1,1,,,
2,02,,2,3,1,1,0,1,0,1,0,0,1,0,0
2,02,,1,3,1,1,0,1,0,1,0,1,1,1,1
2,02,,1,3,1,0,0,0,0,1,1,0,1,1,1
2,02,,1,3,1,0,1,1,1,1,1,1,1,1,1
2,02,,1,3,0,0,1,0,1,0,1,0,1,0,1
2,02,,2,3,1,0,1,0,1,1,1,1,1,0,0
2,02,,1,3,0,1,0,1,0,1,0,1,0,1,1
2,02,,2,3,1,0,1,0,0,1,0,0,0,1,1
2,02,,1,3,1,1,0,1,0,1,1,0,1,1,1
2,02,,1,3,1,0,1,1,1,1,1,0,0,0,0
2,02,,2,3,1,0,1,0,0,1,1,1,1,1,1
2,02,,1,3,0,0,1,0,0,1,0,0,1,1,0
2,02,,1,,0,0,0,0,0,1,0,0,1,0,1
2,02,,1,,1,1,1,1,0,1,0,0,1,1,1
3,04,25,1,1,0,0,1,0,0,1,1,1,0,1,1
3,04,32,2,1,1,1,0,0,0,1,0,0,0,0,0
3,04,34,1,1,1,1,1,1,0,1,1,0,0,1,0
3,04,27,1,1,0,1,1,1,0,1,1,0,1,0,1
3,04,29,2,1,1,1,1,0,1,0,1,1,0,1,1
3,04,36,1,1,1,0,1,0,0,0,0,0,1,0,0
3,04,26,2,1,1,0,1,1,0,1,0,1,1,1,1
3,04,27,1,1,1,0,1,0,1,1,1,0,1,0,0
3,04,36,1,1,0,0,0,0,0,0,1,1,0,0,0
3,04,29,1,1,1,0,0,0,1,0,1,1,1,1,1
3,04,32,1,1,0,1,0,0,0,1,1,0,0,0,0
3,04,23,1,1,0,1,1,0,0,0,1,0,0,0,0
3,04,28,1,1,1,1,1,1,1,1,1,1,1,1,1
3,04,30,2,1,0,0,0,0,0,1,0,0,1,0,0
3,04,24,1,1,1,0,1,0,0,1,1,1,1,1,0
3,04,27,1,1,0,1,0,0,0,0,1,1,0,0,1
3,04,23,2,1,1,0,1,1,0,1,1,1,1,1,1
3,04,32,2,1,0,0,1,0,0,0,0,1,0,0,1
3,04,24,1,1,1,0,1,0,1,1,1,1,0,1,0
3,04,28,1,1,0,0,0,0,0,1,1,0,1,0,0
3,04,27,2,1,0,0,1,1,0,1,1,0,0,0,0
3,04,27,1,1,1,0,0,1,1,,1,1,0,0,0
3,04,33,1,1,1,0,1,0,1,1,1,1,1,0,1
3,04,24,2,1,0,0,1,0,0,0,1,1,0,1,1
3,04,32,2,1,0,0,0,0,1,0,1,1,1,1,1
3,04,27,1,1,1,1,0,0,1,0,0,0,0,0,0
3,04,22,1,1,0,0,0,0,1,0,0,0,0,0,1
3,04,25,1,1,0,1,0,0,0,0,0,0,1,0,1
3,04,26,2,1,1,1,1,1,0,0,0,0,1,1,1
3,04,24,1,1,0,0,0,0,1,0,0,0,0,0,1
3,04,23,1,1,0,0,0,0,1,0,0,1,1,0,1
3,04,29,1,1,1,0,1,1,1,1,1,1,1,1,1
3,04,28,1,1,0,1,1,1,0,1,1,1,1,1,0
3,04,33,2,1,1,0,0,0,0,1,1,0,0,0,0
3,04,25,2,1,1,0,0,0,0,1,0,1,1,0,0
3,04,28,1,1,1,1,1,0,0,0,0,0,1,0,0
3,04,26,2,1,1,1,1,0,1,1,1,0,1,1,1
3,04,22,2,1,1,1,0,1,1,1,1,0,1,1,1
3,04,23,2,1,0,1,1,0,0,0,0,1,1,0,0
3,04,23,2,1,0,1,1,1,0,1,1,1,1,1,1
3,04,40,1,1,1,,1,0,,1,1,0,1,0,1
3,04,24,1,1,1,1,1,0,1,1,1,0,0,0,0
3,04,58,1,1,0,0,0,0,1,1,1,0,1,0,1
3,04,31,2,1,1,1,1,1,0,1,1,1,1,1,1
3,04,26,1,1,0,1,1,0,0,0,1,0,1,0,0
3,04,29,1,1,1,0,1,1,0,0,1,0,1,1,0
3,04,58,1,1,1,0,0,0,1,0,,1,0,0,0
3,04,31,1,1,1,0,1,0,0,1,1,0,0,0,1
3,04,29,1,1,0,1,0,0,0,0,0,1,0,0,0
3,04,26,2,1,0,0,0,0,0,0,0,0,0,0,0
3,04,33,2,1,0,1,0,0,0,0,0,0,0,0,0
3,04,39,1,1,1,1,1,1,0,1,0,0,1,0,1
3,04,28,1,1,1,1,1,0,1,1,1,0,1,1,0
3,04,39,2,1,1,1,1,1,0,1,1,0,1,1,1
3,04,22,2,1,1,1,1,1,0,1,1,0,1,0,0
3,04,24,2,1,1,0,1,0,0,0,1,1,1,1,1
3,04,30,1,1,0,1,0,0,0,0,1,0,1,0,0
3,04,28,2,1,0,0,0,0,0,0,0,0,1,1,0
3,04,23,2,1,1,0,0,0,1,1,1,1,1,0,1
3,04,48,1,1,0,0,1,0,1,1,1,0,1,0,1
3,04,28,1,1,1,0,1,0,0,1,1,1,1,0,1
3,04,28,1,1,1,0,1,1,1,1,0,1,1,1,1
3,04,35,1,1,0,0,1,0,0,1,1,0,0,0,
3,04,33,1,1,0,1,0,0,0,0,1,0,0,0,0
3,04,41,1,1,0,0,0,0,0,0,1,0,0,0,0
3,04,25,2,1,1,0,0,0,1,1,1,1,1,1,1
3,04,29,1,1,0,0,1,1,1,1,0,0,1,1,0
3,04,36,1,1,1,0,0,1,0,1,1,0,1,1,1
3,04,34,1,1,0,1,1,0,1,1,0,1,1,1,1
3,04,27,1,1,1,1,1,1,1,1,1,0,1,0,1
3,04,54,2,1,0,0,1,0,1,0,0,0,0,0,0
3,04,29,1,1,1,1,1,0,0,1,1,0,1,0,1
3,04,29,1,1,1,1,1,0,0,1,1,0,1,0,0
3,04,26,2,1,0,0,1,0,0,1,0,0,0,1,1
3,04,47,1,1,1,1,1,1,0,1,0,1,1,1,0
3,04,29,2,1,0,0,1,0,1,1,1,0,1,0,0
3,04,32,1,1,0,0,0,0,1,1,1,0,1,0,0
3,04,24,2,1,0,1,1,0,0,1,0,0,0,1,0
3,04,34,2,1,1,0,1,0,0,1,1,0,1,0,1
3,04,23,2,1,0,0,0,1,1,1,1,0,1,0,1
3,04,27,2,1,1,1,1,0,0,0,1,0,1,1,1
3,04,30,2,1,0,1,1,1,1,1,1,0,1,1,1
3,04,40,1,1,0,0,0,0,1,1,0,1,0,1,0
3,04,26,2,1,1,0,1,1,0,1,0,0,1,0,1
3,04,23,2,1,1,0,0,0,0,1,0,1,0,1,0
3,04,24,1,1,0,0,1,0,1,1,1,0,1,0,1
3,04,30,1,1,1,0,0,1,1,1,1,1,0,0,0
3,04,29,1,1,1,0,1,0,0,0,1,0,1,0,0
3,04,62,1,1,0,0,0,1,0,1,1,0,1,0,1
3,04,25,2,1,0,0,1,0,0,0,0,1,1,0,0
3,04,27,2,1,0,1,1,0,0,0,0,0,1,0,0
3,04,57,1,1,0,0,0,1,0,1,1,0,1,0,0
3,04,27,1,1,0,0,0,0,0,1,1,0,0,1,1
3,04,31,2,1,1,1,1,0,0,1,0,0,0,0,0
3,04,23,1,1,1,0,0,0,0,1,0,1,1,0,0
3,04,26,2,1,0,1,0,0,0,1,1,0,1,0,1
3,04,26,1,1,0,0,1,1,1,1,1,1,1,1,0
3,04,30,1,1,1,0,0,0,1,0,0,0,0,0,1
3,04,31,2,1,1,0,0,0,0,1,1,0,1,0,1
3,04,23,1,1,1,0,1,1,1,1,1,1,1,1,1
3,04,22,1,1,1,0,1,0,0,0,1,1,1,0,1
3,04,26,2,1,1,0,0,1,0,1,1,1,1,0,1
3,04,22,1,1,1,1,1,0,1,0,1,0,0,0,1
3,04,64,1,1,0,0,0,1,1,1,0,0,1,1,1
3,04,24,2,1,0,0,0,0,1,1,1,0,0,0,0
3,04,26,1,1,0,0,0,0,0,0,1,0,0,1,1
3,04,26,2,1,1,0,1,1,1,0,1,0,1,1,0
3,04,27,1,1,0,0,0,0,0,1,1,0,1,1,1
3,04,24,1,1,1,1,0,0,0,1,1,0,1,1,0
3,04,23,1,1,1,0,0,0,0,1,0,1,1,0,0
3,04,31,2,1,1,1,1,0,0,1,0,1,1,1,1
3,04,38,2,1,1,1,0,0,0,1,1,0,1,0,0
3,04,24,1,1,1,1,1,0,1,0,0,1,1,0,1
3,04,26,1,1,1,1,0,1,1,1,1,0,1,1,0
3,04,23,1,1,0,1,0,0,0,1,1,1,1,0,1
3,04,23,1,1,1,1,1,0,0,0,1,1,0,0,0
3,04,24,1,1,1,0,1,1,0,1,0,0,1,1,0
3,04,37,1,1,1,1,1,0,1,1,1,1,1,1,1
3,04,27,1,1,0,0,1,1,1,1,1,1,1,0,0
3,04,41,2,1,0,0,0,0,1,1,0,0,1,0,1
3,04,63,1,1,0,0,1,0,0,0,1,0,0,0,0
3,04,30,1,1,1,0,0,0,0,1,0,0,0,0,0
3,04,24,1,1,1,0,0,0,0,1,1,0,1,1,1
3,04,26,1,1,1,1,1,1,0,1,0,1,1,0,1
3,04,55,1,1,0,0,1,1,0,1,1,0,0,1,0
3,04,23,2,1,1,0,0,0,0,1,0,1,0,0,1
3,04,29,1,1,1,0,1,0,0,1,0,0,1,1,1
3,04,25,2,1,1,0,0,0,0,1,1,0,1,0,0
3,04,32,2,1,0,0,0,0,0,1,1,1,1,1,0
3,04,30,2,1,1,0,1,0,1,0,1,1,1,0,0
3,04,25,2,1,0,0,0,0,1,0,1,1,0,0,0
3,04,35,1,1,1,1,1,1,1,1,1,1,1,0,1
3,04,26,2,1,1,1,0,0,0,0,1,0,0,0,0
3,04,31,2,1,0,1,1,0,1,0,1,0,1,1,0
3,04,24,2,1,1,0,0,0,0,0,1,1,1,0,1
3,04,28,1,1,1,0,1,0,0,1,1,0,1,1,1
3,04,28,1,1,0,0,1,0,0,1,0,0,0,0,0
3,04,32,2,1,1,1,0,0,0,1,1,0,1,1,1
3,04,27,2,1,0,0,1,0,1,1,1,1,1,0,0
3,04,33,2,1,0,0,0,1,0,1,1,1,1,1,1
3,04,27,2,1,0,0,1,0,1,1,0,0,1,0,0
3,04,28,1,1,0,0,0,1,0,1,1,1,1,1,1
3,04,23,1,1,1,0,0,1,1,1,1,1,1,0,1
3,04,34,1,1,1,0,0,1,1,1,1,1,1,0,0
3,04,42,1,1,1,1,1,1,1,1,1,0,1,0,1
3,04,34,2,1,0,1,1,1,0,1,1,0,1,1,1
3,04,23,1,1,1,0,1,1,1,1,1,0,1,0,1
3,04,24,2,1,1,0,1,1,1,0,1,0,0,0,1
3,04,26,2,1,1,1,1,1,0,1,1,1,1,0,0
3,04,29,1,1,1,1,1,0,0,1,1,0,1,0,1
3,04,37,1,1,1,1,1,0,0,1,1,0,1,0,0
3,04,24,2,1,0,0,0,0,1,0,1,1,1,0,1
3,04,29,1,1,1,0,1,1,1,1,0,0,1,1,1
3,04,47,1,1,1,0,0,0,0,0,0,1,0,0,1
3,04,28,1,1,1,0,1,1,1,0,1,1,1,0,1
3,04,49,1,1,0,0,1,0,0,0,1,1,1,0,0
3,04,26,1,1,1,0,1,1,0,1,1,0,1,0,1
3,04,33,1,1,1,0,0,1,1,1,0,0,1,1,1
3,04,26,1,1,0,1,1,0,1,1,1,0,0,0,0
3,04,25,2,1,1,1,1,1,1,0,1,1,1,1,1
3,04,27,2,1,0,1,1,0,0,0,0,0,0,0,0
3,04,27,1,1,1,1,1,0,0,1,1,1,1,0,1
3,04,26,1,1,1,0,0,1,0,1,1,0,1,1,0
3,04,29,1,1,0,1,1,0,0,1,0,1,1,0,0
3,04,32,1,1,1,0,1,0,0,1,1,1,1,0,1
3,04,31,1,1,0,1,1,0,0,0,1,1,1,0,1
3,04,22,1,1,1,1,1,0,1,1,1,0,1,0,0
3,04,23,1,1,0,0,0,0,0,1,1,1,1,1,1
3,04,33,1,1,1,1,1,0,1,1,1,1,1,1,0
3,04,32,2,1,1,1,1,1,1,1,1,0,1,1,1
3,04,26,2,1,1,0,0,1,1,1,1,0,1,1,1
3,04,28,1,1,1,1,1,0,0,1,1,1,1,1,1
3,04,22,2,1,1,0,0,0,0,1,,1,1,0,1
3,04,30,2,1,0,0,1,1,0,1,1,1,1,1,1
3,04,25,1,1,1,1,1,0,0,1,1,0,1,1,1
3,04,34,2,1,1,1,1,0,0,1,1,1,1,0,1
3,04,25,1,1,1,1,0,1,0,1,1,1,1,1,1
3,04,30,2,1,1,0,0,0,1,0,0,1,1,0,0
3,04,26,1,1,1,1,1,1,0,1,1,0,1,0,1
3,04,45,2,1,1,0,0,1,0,0,1,0,0,0,1
3,04,41,2,1,1,1,1,1,0,1,0,0,0,0,1
3,04,26,2,1,0,0,1,1,0,1,0,0,1,1,1
3,04,34,2,1,1,0,1,0,0,0,1,1,0,0,0
3,04,36,2,1,0,0,0,0,0,1,1,1,0,1,1
3,04,24,1,1,0,1,1,0,1,1,1,1,1,1,0
3,04,29,1,1,1,1,1,0,1,1,0,0,1,0,0
3,04,30,2,1,0,1,0,0,0,1,1,0,1,0,1
3,04,23,1,1,0,1,0,0,0,1,1,0,0,1,0
3,04,45,1,1,1,1,1,1,0,1,1,0,0,1,1
3,04,24,2,1,1,1,0,1,0,1,1,1,1,1,0
3,04,25,1,1,1,1,1,0,1,0,0,0,1,1,1
3,04,39,1,1,1,0,1,1,0,0,1,0,1,0,1
3,04,26,2,1,0,1,1,0,0,1,1,0,1,0,0
3,04,43,2,1,0,1,1,0,1,1,1,1,1,0,0
3,04,25,1,1,1,0,1,1,0,1,1,1,1,0,0
3,04,29,1,1,0,1,0,0,1,1,1,0,1,0,1
3,04,29,1,1,1,0,1,0,0,1,1,1,1,1,1
3,04,23,1,1,0,0,1,0,0,1,1,0,1,0,1
3,04,24,2,1,0,0,1,1,0,1,0,1,1,1,1
3,04,25,2,1,1,0,1,0,0,1,1,0,1,0,0
3,04,37,1,1,1,0,1,0,0,0,1,0,1,0,0
3,04,29,1,1,1,0,0,1,1,0,0,0,0,0,1
3,04,25,1,1,1,1,1,0,0,1,0,0,1,0,1
3,04,26,1,1,1,0,1,0,0,1,0,0,1,1,1
3,04,63,1,1,0,0,0,0,1,0,0,0,0,1,0
3,04,33,1,1,1,1,0,0,0,0,0,0,0,0,0
3,04,24,1,1,1,0,0,0,0,0,0,1,0,0,0
3,04,29,1,1,0,1,0,0,1,0,0,1,1,1,1
3,04,26,2,1,0,0,1,0,0,1,1,0,1,1,0
3,04,30,2,1,1,0,1,0,0,1,0,0,1,1,1
3,04,30,1,1,0,1,1,0,1,0,0,0,0,0,0
3,04,25,1,1,1,0,0,0,0,1,1,1,1,1,1
3,04,28,1,1,1,0,1,0,1,1,1,0,1,1,1
3,04,43,1,1,0,0,0,0,0,1,0,1,1,0,1
3,04,34,2,1,1,0,0,0,1,1,1,1,1,1,1
3,04,31,2,1,0,1,0,1,1,1,1,0,0,1,0
3,04,50,1,1,1,0,1,0,0,1,1,1,1,0,0
3,04,36,1,1,1,0,0,0,1,1,0,0,0,1,1
3,04,31,1,1,1,1,1,1,0,1,1,1,1,0,1
3,04,37,2,1,1,0,1,0,1,0,0,1,1,1,1
3,04,26,2,1,0,0,0,0,1,1,0,0,1,0,0
3,04,24,1,1,1,1,1,0,0,1,1,1,1,0,1
3,04,24,2,1,1,1,0,0,1,0,1,1,0,1,0
3,04,39,1,1,1,0,1,1,1,1,1,0,1,0,0
3,04,27,1,1,1,1,1,0,1,0,1,0,1,1,1
3,04,28,1,1,0,0,0,0,0,0,0,0,1,0,0
3,04,27,2,1,1,0,0,1,0,1,1,1,1,0,0
3,04,25,2,1,1,1,1,0,0,1,0,1,1,0,1
3,04,40,2,1,1,1,1,1,0,1,1,0,1,1,1
3,04,28,1,1,0,0,0,0,1,0,1,0,1,0,0
3,04,24,1,1,0,0,1,0,1,1,1,1,0,1,0
3,04,28,1,1,1,0,0,0,1,0,1,0,0,0,1
3,04,28,1,1,1,1,0,0,0,0,1,0,1,1,1
3,04,24,2,1,0,1,0,0,1,0,1,0,1,0,1
3,04,26,1,1,0,1,1,1,0,1,1,1,1,0,1
3,04,25,1,1,1,0,0,0,0,1,1,1,1,0,1
3,04,25,2,1,1,0,1,1,1,1,1,1,1,1,1
3,04,27,2,1,1,0,0,0,1,1,1,1,1,1,1
3,04,24,1,1,1,0,0,1,1,1,1,1,1,1,1
3,04,23,1,1,1,1,1,1,1,1,1,1,1,1,1
3,04,28,2,1,0,0,0,0,0,1,0,0,1,0,1
3,04,24,1,1,1,1,1,0,0,1,0,1,1,1,1
3,04,34,2,1,1,1,0,0,1,1,0,1,1,1,1
3,04,61,2,1,1,1,1,0,0,1,1,0,1,0,1
3,04,55,2,1,0,0,0,0,1,0,0,0,1,0,1
3,04,58,1,1,0,0,1,1,1,1,1,0,0,1,1
3,04,23,1,1,1,0,0,0,0,1,1,0,1,0,0
3,04,28,1,1,1,0,,1,0,1,,1,1,1,1
3,04,31,1,1,1,0,0,1,0,0,1,1,1,0,0
3,04,27,1,1,0,0,1,1,0,1,1,0,1,1,0
3,04,57,1,1,1,1,0,0,1,1,1,1,0,0,1
3,04,28,1,1,1,0,0,0,0,1,1,1,1,1,0
3,04,28,2,1,1,0,1,0,1,1,0,0,1,0,0
3,04,31,1,1,1,0,1,1,0,1,1,1,1,1,1
3,04,28,1,1,0,1,1,0,0,0,1,0,0,0,0
3,04,34,1,1,0,1,0,0,0,1,1,1,0,0,1
3,04,40,1,1,0,1,1,1,1,0,0,1,1,0,1
3,04,23,1,1,1,1,0,0,0,1,1,1,1,0,1
3,04,27,2,1,0,0,0,0,1,1,1,,0,0,0
3,04,26,2,1,0,1,1,0,1,1,0,1,1,1,1
3,04,58,1,1,1,0,1,0,0,1,0,1,1,0,1
3,04,24,1,1,0,1,0,1,1,0,0,0,1,1,1
3,04,30,2,1,0,0,0,0,0,1,1,0,1,1,1
3,04,59,1,1,1,1,1,0,0,0,0,1,1,0,1
3,04,46,1,1,1,0,0,1,0,0,1,0,0,0,1
3,04,30,2,1,1,0,1,1,1,1,1,0,1,0,1
3,04,28,1,1,1,0,0,0,1,0,1,0,0,0,0
3,04,25,1,1,1,1,1,0,0,1,1,1,1,0,1
3,04,26,1,1,0,1,0,0,0,0,1,0,0,0,1
3,04,26,1,1,0,1,1,0,0,0,1,1,1,0,0
3,04,23,1,1,0,0,1,1,1,1,0,1,1,0,1
3,04,23,1,1,0,0,1,0,0,1,1,0,1,1,0
3,04,42,2,1,1,0,0,0,0,0,1,0,1,0,0
3,04,25,1,1,0,0,1,0,0,0,1,0,1,1,1
3,04,23,2,1,0,1,0,0,0,1,1,1,1,0,1
3,04,25,1,1,0,0,0,0,0,1,0,0,1,1,1
3,04,27,1,1,1,1,0,0,0,0,1,0,1,1,0
3,04,25,1,1,0,1,0,0,0,0,0,0,0,0,0
3,04,24,1,1,1,0,0,0,0,0,1,1,1,1,0
3,05,28,1,2,1,0,1,1,1,1,1,1,0,1,1
3,05,29,1,2,0,0,0,0,0,0,1,0,1,1,1
3,05,25,1,2,1,0,1,1,0,1,1,1,1,0,1
3,05,33,2,2,1,0,1,0,0,0,1,0,1,1,1
3,05,40,1,2,1,1,0,0,0,1,0,0,1,0,1
3,05,38,1,2,1,0,0,0,0,0,1,0,0,1,1
3,05,31,1,2,0,0,0,0,0,0,0,0,1,0,0
3,05,34,1,2,0,0,0,0,0,0,1,1,1,1,0
3,05,37,2,2,1,1,1,1,0,0,0,0,1,1,1
3,05,29,2,2,0,1,0,0,1,1,1,0,1,0,1
3,05,31,2,2,1,1,0,0,0,1,1,0,1,0,1
3,05,29,2,2,0,1,0,0,0,1,0,0,1,1,1
3,05,39,2,2,0,1,1,0,0,0,0,0,1,1,1
3,05,28,2,2,1,0,0,1,1,1,0,1,1,1,1
3,05,29,2,2,0,0,0,1,1,1,1,0,1,0,0
3,05,26,1,2,1,1,1,1,0,1,1,0,1,1,1
3,05,34,1,2,1,0,1,0,0,0,0,1,1,1,1
3,05,29,2,2,1,0,0,0,1,1,1,0,1,0,1
3,05,47,2,2,0,0,1,0,0,1,1,1,1,0,1
3,05,30,2,2,0,1,1,0,1,0,1,0,1,1,1
3,05,31,1,2,0,1,1,0,0,1,1,1,1,1,0
3,05,27,2,2,0,1,1,0,1,0,1,0,1,0,1
3,05,29,2,2,0,0,1,0,0,1,0,0,1,1,1
3,05,47,1,2,0,0,0,0,0,0,0,0,1,0,0
3,05,31,1,2,0,0,1,0,0,1,1,0,1,0,1
3,05,39,2,2,0,1,1,0,0,1,1,0,1,0,1
3,05,33,2,2,1,1,1,0,0,0,1,0,1,0,0
3,05,,2,2,0,0,1,0,0,1,0,0,1,0,1
3,05,57,2,2,0,1,0,1,0,0,1,0,1,0,0
3,05,26,1,2,0,0,1,0,0,0,1,0,1,1,1
3,05,29,2,2,1,1,0,0,1,1,1,0,1,0,1
3,05,28,2,2,0,0,1,0,0,0,1,0,0,0,0
3,05,26,1,2,1,1,1,0,1,1,0,1,1,1,1
3,05,33,2,2,1,0,1,0,0,1,1,0,0,1,0
3,05,29,2,2,1,1,0,0,1,1,1,1,1,0,1
3,05,49,2,2,0,0,0,0,1,1,1,1,1,0,1
3,05,24,2,2,0,1,0,0,0,1,1,1,0,0,0
3,05,31,1,2,1,0,1,0,0,0,1,0,0,0,1
3,05,29,1,2,0,1,1,0,1,1,0,1,1,0,0
3,05,31,2,2,1,0,1,0,0,0,1,0,0,0,1
3,05,26,1,2,1,1,0,1,0,0,0,0,0,1,0
3,05,27,1,2,0,1,1,0,0,1,1,1,1,0,1
3,05,29,1,2,0,0,0,0,0,0,0,0,0,0,1
3,05,56,2,2,0,0,0,0,0,0,0,0,0,0,1
3,05,31,2,2,1,1,0,1,0,1,1,0,1,0,1
3,05,35,2,2,0,1,1,1,1,1,1,0,1,1,1
3,05,26,2,2,1,1,1,0,0,1,1,1,1,1,0
3,05,33,1,2,1,1,0,1,0,1,1,0,0,1,1
3,05,48,2,2,1,1,0,0,0,1,0,0,1,0,1
3,05,37,2,2,1,1,1,0,1,1,1,0,1,1,1
3,05,30,1,2,0,1,1,0,0,1,1,0,1,0,1
3,05,31,2,2,1,1,1,0,0,0,0,0,1,0,0
3,05,25,1,2,1,0,1,0,1,1,0,0,0,1,1
3,05,27,1,2,1,1,1,0,0,1,1,0,1,0,0
3,05,34,2,2,1,0,1,1,1,1,1,1,1,0,1
3,05,33,2,2,0,1,0,0,0,1,0,1,0,0,0
3,05,29,1,2,0,0,0,0,0,0,1,0,0,0,1
3,05,34,2,2,0,1,0,0,0,1,0,0,0,0,0
3,05,24,1,2,1,0,1,0,0,0,1,1,1,1,0
3,05,32,1,2,1,0,0,1,0,1,0,0,1,0,1
3,05,26,2,2,1,0,0,0,0,1,1,1,1,1,1
3,05,34,1,2,0,0,0,0,1,1,0,1,1,0,1
3,05,28,2,2,0,0,0,0,0,0,0,0,1,0,0
3,05,27,1,2,0,0,0,0,0,0,0,0,0,0,0
3,05,36,2,2,0,0,0,0,0,0,0,0,0,0,0
3,05,29,2,2,0,1,0,0,0,0,0,0,0,0,0
3,05,50,2,2,0,1,0,0,1,1,0,1,0,0,1
3,05,30,1,2,0,0,1,0,1,1,0,0,0,0,0
3,05,28,2,2,1,0,1,1,0,0,1,1,1,0,1
3,05,30,1,2,1,1,1,1,0,1,1,1,1,1,1
3,05,26,2,2,1,0,0,0,1,1,0,0,1,0,1
3,05,31,1,2,1,0,0,1,1,1,0,1,1,1,1
3,05,30,1,2,1,0,1,0,0,1,1,0,1,1,0
3,05,29,2,2,1,0,0,1,0,1,1,1,1,1,1
3,05,24,2,2,1,0,1,0,0,1,1,1,1,0,1
3,05,26,1,2,1,0,0,1,0,1,1,1,1,1,1
3,05,35,1,2,0,0,1,0,0,0,1,0,1,1,1
3,05,29,2,2,0,0,0,0,0,1,0,0,0,1,1
3,05,25,1,2,1,0,1,0,1,1,1,1,1,0,0
3,05,28,2,2,1,1,0,0,0,1,1,1,1,0,1
3,05,24,2,2,0,1,0,0,0,0,1,1,0,0,1
3,05,30,1,2,1,0,0,0,0,1,0,1,1,0,1
3,05,28,1,2,1,0,0,0,1,0,0,0,0,0,1
3,05,26,1,2,1,0,1,0,0,0,1,0,1,0,1
3,05,,1,2,0,0,0,0,1,1,1,0,1,0,1
3,05,42,2,2,0,0,0,0,0,1,0,0,1,0,1
3,05,33,1,2,1,1,1,1,0,1,1,0,1,0,1
3,05,31,2,2,1,0,1,0,0,0,1,0,0,1,1
3,05,29,1,2,0,0,1,1,0,0,0,0,0,0,0
3,05,44,2,2,1,1,1,0,0,1,1,0,1,0,1
3,05,26,2,2,1,0,0,0,1,0,1,0,1,0,0
3,05,29,1,2,1,1,0,0,1,1,1,1,0,1,1
3,05,,1,2,1,0,0,0,,0,1,1,0,1,1
3,05,28,2,2,1,0,1,0,0,1,1,0,1,0,1
3,05,25,2,2,0,0,0,0,0,1,0,0,0,1,0
3,05,32,1,2,1,0,1,0,0,1,1,0,1,0,1
3,05,29,2,2,1,0,1,1,0,1,1,1,0,0,0
3,05,,2,2,1,0,0,1,0,0,0,0,1,1,1
3,05,26,1,2,0,0,1,0,0,0,0,0,1,0,1
3,05,32,1,2,0,1,1,0,0,0,0,1,1,1,0
3,05,31,2,2,1,0,0,0,0,0,1,0,0,0,1
3,05,73,1,2,0,0,0,1,0,1,0,0,1,1,1
3,05,52,1,2,0,0,1,0,1,0,0,0,0,0,0
3,05,27,1,2,1,1,1,0,0,1,1,0,1,1,1
3,05,35,1,2,1,1,1,0,0,0,0,0,1,0,0
3,05,29,2,2,0,0,0,1,0,1,1,0,0,0,1
3,05,39,2,2,0,1,0,0,0,1,0,0,1,0,1
3,05,23,2,2,1,1,1,0,0,1,0,0,1,1,1
3,05,29,2,2,1,1,1,1,0,0,1,0,1,0,1
3,05,27,1,2,0,0,0,0,1,0,0,0,0,0,0
3,05,38,1,2,0,0,1,0,0,1,1,1,1,0,0
3,05,27,2,2,1,1,0,0,0,1,0,1,1,1,0
3,05,28,1,2,1,1,1,0,0,1,1,1,1,1,1
3,05,27,1,2,0,0,0,0,0,1,0,0,0,0,0
3,05,26,2,2,0,0,1,0,0,0,1,0,1,0,0
3,05,32,2,2,1,1,0,0,0,1,1,0,1,0,1
3,05,33,2,2,1,0,1,1,0,0,1,1,0,0,1
3,05,47,2,2,0,0,0,0,1,1,0,0,1,0,0
3,05,29,2,2,1,0,0,0,0,1,0,0,1,0,0
3,05,27,1,2,1,1,1,1,0,1,0,0,1,1,1
3,05,28,2,2,1,0,0,0,0,1,1,1,0,0,0
3,05,30,1,2,1,1,1,1,1,1,1,0,1,1,1
3,05,34,1,2,1,1,1,0,0,1,0,0,1,0,0
3,05,43,1,2,1,1,0,0,1,1,1,0,1,1,1
3,05,28,2,2,1,1,1,0,0,1,1,0,1,1,1
3,05,35,1,2,1,1,1,1,0,0,1,1,1,0,1
3,05,28,2,2,1,0,0,0,1,0,1,0,0,0,0
3,05,34,2,2,1,1,1,0,0,1,1,0,1,0,1
3,05,51,2,2,1,0,0,0,1,0,1,0,1,0,0
3,05,43,1,2,0,0,0,0,0,0,1,0,1,0,1
3,05,27,1,2,1,1,1,1,0,1,0,0,1,0,1
3,05,38,1,2,1,1,1,0,0,1,0,1,1,0,1
3,05,30,2,2,1,0,0,0,0,0,1,0,1,0,0
3,05,25,1,2,1,0,1,0,0,1,1,0,1,0,1
3,05,40,1,2,0,1,0,0,0,1,0,1,1,0,1
3,05,34,1,2,1,0,0,0,0,0,1,0,1,0,0
3,05,46,1,2,0,0,0,0,1,0,1,0,1,0,0
3,05,30,1,2,1,1,0,0,0,0,1,0,1,1,1
3,05,33,2,2,0,0,1,1,0,1,1,1,0,0,0
3,05,42,1,2,1,0,0,0,1,0,0,0,0,0,1
3,05,25,1,2,0,0,1,0,1,0,0,1,0,0,0
3,05,31,2,2,1,0,0,0,1,1,1,0,1,0,0
3,05,61,1,2,0,0,0,0,0,0,1,1,0,0,1
3,05,,1,2,0,0,0,0,1,1,1,0,0,0,0
3,05,26,2,2,1,1,0,0,0,1,0,1,1,1,1
3,05,27,1,2,1,0,0,0,1,1,0,1,1,0,1
3,05,54,1,2,0,0,1,1,1,0,0,0,1,1,1
3,05,,2,2,1,0,1,0,0,0,1,0,1,0,1
4,07,26,2,2,0,0,1,0,1,0,1,0,1,0,1
4,07,26,1,2,1,0,1,1,0,1,1,1,1,0,0
4,07,30,2,2,1,0,0,0,0,1,1,1,1,1,1
4,07,38,2,2,1,0,0,0,1,1,1,0,1,1,1
4,07,24,1,2,1,0,0,0,0,0,1,1,1,0,1
4,07,24,2,2,1,1,1,1,1,1,1,1,1,1,1
4,07,32,2,2,1,1,1,0,0,1,1,1,1,0,1
4,07,30,2,2,0,1,0,0,1,1,0,0,0,0,0
4,07,24,2,2,1,1,1,0,1,0,1,1,1,1,1
4,07,40,2,2,1,0,1,0,1,1,0,1,1,0,0
4,07,31,1,2,1,0,1,1,1,1,1,0,1,1,1
4,07,29,2,2,0,0,0,0,0,1,0,0,1,0,0
4,07,36,2,2,1,0,1,0,1,1,1,1,1,0,0
4,07,35,2,2,1,0,1,0,1,0,0,0,1,1,1
4,07,33,1,2,1,0,1,1,0,1,1,0,1,0,1
4,07,25,1,2,1,1,1,0,0,1,1,0,1,0,1
4,07,27,2,2,1,0,1,0,1,1,1,0,1,0,0
4,07,32,1,2,1,1,0,1,0,1,1,0,0,0,0
4,07,31,2,2,1,1,1,1,0,1,1,0,1,0,1
4,07,33,2,2,0,0,1,0,0,1,0,0,1,0,0
4,07,42,1,2,1,0,1,0,1,1,1,0,0,0,1
4,07,25,1,2,1,0,1,1,1,1,1,0,1,1,1
4,07,28,2,2,1,1,1,1,1,1,1,1,1,1,1
4,07,26,2,2,1,1,1,1,1,1,1,0,1,1,1
4,07,30,2,2,1,0,0,1,1,1,1,1,0,0,1
4,07,40,2,2,1,0,1,1,1,1,0,1,1,1,1
4,07,26,2,2,0,0,1,0,0,1,1,0,1,0,1
4,07,27,2,2,1,0,1,0,1,1,1,1,1,0,0
4,07,46,1,2,1,0,1,1,0,1,0,1,1,1,1
4,07,32,1,2,0,0,1,0,0,0,1,1,1,1,1
4,07,24,2,2,0,1,0,0,0,1,1,1,1,1,0
4,07,46,1,2,1,1,1,1,1,0,1,1,1,1,1
4,07,28,2,2,1,0,1,0,0,1,0,0,1,0,1
4,07,36,2,2,0,0,0,0,1,1,1,1,1,0,0
4,07,29,2,2,1,0,0,1,1,0,1,0,1,1,1
4,07,30,2,2,1,1,1,0,0,1,1,0,1,0,1
4,07,29,1,2,0,0,0,0,0,1,1,1,1,0,0
4,07,32,2,2,1,1,1,1,1,1,1,0,1,1,0
4,07,25,2,2,1,1,1,1,1,1,1,1,1,0,1
4,07,28,1,2,1,1,1,1,0,1,1,1,1,0,1
4,07,35,1,2,1,0,1,1,0,0,0,1,1,1,1
4,07,24,2,2,1,1,1,0,0,1,0,1,1,0,0
4,07,34,2,2,0,1,1,0,0,1,0,1,1,1,1
4,07,28,2,2,0,1,1,0,1,1,1,1,1,1,0
4,07,28,2,2,1,0,1,0,0,1,1,1,1,0,1
4,07,42,2,2,0,0,0,0,1,1,1,0,1,0,1
4,07,34,2,2,0,0,1,0,0,0,1,1,1,1,1
4,07,30,1,2,1,1,1,1,1,1,1,1,1,0,1
4,07,23,2,2,1,1,1,0,1,0,1,1,1,1,1
4,07,27,2,2,1,0,1,0,1,1,0,0,1,1,1
4,07,25,2,2,1,0,0,0,1,1,1,0,1,0,1
4,07,41,2,2,1,0,1,1,1,1,1,0,1,0,1
4,07,30,1,2,0,1,1,1,0,0,1,0,1,0,1
4,07,24,1,2,1,1,1,1,1,0,0,1,1,1,1
4,07,27,1,2,1,1,0,0,1,1,1,0,1,0,0
4,07,23,2,2,0,0,1,0,0,0,0,1,1,1,1
4,07,31,1,2,1,1,0,1,0,1,0,0,1,1,1
4,07,28,2,2,1,1,1,1,1,0,1,1,0,0,0
4,07,31,2,2,1,0,1,0,0,0,1,0,0,1,0
4,07,28,1,2,0,0,0,0,1,1,1,0,1,0,1
4,07,27,2,2,1,0,1,0,1,1,1,1,1,1,1
4,07,28,2,2,1,1,1,1,0,1,0,0,1,0,1
4,07,34,2,2,1,1,1,0,1,1,1,1,1,1,1
4,07,34,2,2,1,1,1,1,0,1,1,1,1,0,0
4,07,34,1,2,1,0,1,0,0,1,1,1,1,0,1
4,07,57,1,2,1,0,1,0,1,0,1,0,1,0,1
4,07,47,2,2,1,1,1,1,1,1,1,0,1,0,1
4,07,34,2,2,1,0,0,1,0,1,0,0,0,1,1
4,07,32,2,2,0,1,0,0,0,1,0,0,0,0,1
4,07,29,2,2,1,1,1,1,0,1,1,1,1,1,1
4,07,26,2,2,0,1,0,0,0,0,1,1,1,0,1
4,07,23,2,2,1,1,1,1,0,0,1,0,1,0,0
4,07,31,1,2,1,0,0,0,1,1,0,1,1,0,1
4,07,27,2,2,1,0,0,1,1,0,1,1,1,1,0
4,07,26,1,2,0,1,1,0,0,1,0,0,1,0,1
4,07,25,1,2,1,1,1,0,0,1,1,1,1,0,0
4,07,27,2,2,1,1,1,1,1,0,1,1,1,1,1
4,07,28,1,2,1,1,1,1,1,1,0,0,1,0,1
4,07,24,2,2,1,1,1,0,0,1,0,0,0,0,1
4,07,26,1,2,1,1,1,0,0,1,1,1,1,1,1
4,07,33,1,2,0,0,1,1,0,1,1,0,1,1,1
4,07,35,1,2,0,1,1,0,1,1,1,0,1,1,1
4,07,28,1,2,1,1,1,1,0,1,1,0,1,1,1
4,07,40,2,2,1,1,1,0,1,0,1,0,1,1,1
4,07,24,2,2,0,0,1,1,1,0,1,1,1,1,1
4,07,36,2,2,1,0,1,0,0,1,1,0,0,1,1
4,07,27,1,2,1,1,0,0,1,1,1,1,1,1,1
4,07,24,2,2,0,0,1,0,0,0,1,1,0,0,0
4,07,25,2,2,1,0,0,0,0,0,1,1,0,0,0
4,07,48,2,2,1,0,1,0,0,1,1,0,1,0,1
4,07,31,1,2,0,1,0,0,1,1,1,0,0,0,1
4,07,27,1,2,1,0,1,0,0,0,1,0,1,0,1
4,07,32,1,2,1,1,0,0,0,1,1,1,0,0,1
4,07,31,2,2,1,1,1,0,0,0,1,1,0,1,1
4,07,32,2,2,1,0,1,0,1,0,0,0,1,0,1
4,07,26,2,2,1,1,1,1,1,1,1,1,1,1,1
4,07,40,2,2,1,1,1,0,0,1,1,0,1,1,0
4,07,34,1,2,0,1,0,1,1,1,1,1,1,1,1
4,07,26,1,2,1,0,1,0,0,0,1,0,0,0,1
4,07,57,1,2,0,0,0,0,0,0,0,0,0,0,0
4,07,48,2,2,1,0,0,1,1,1,1,1,0,1,1
4,07,40,2,2,1,0,0,1,0,1,1,1,0,1,1
4,07,40,1,2,1,0,0,0,1,0,1,1,1,1,1
4,07,25,2,2,0,1,0,1,0,1,0,1,1,0,1
4,07,57,1,2,0,0,0,0,0,1,0,0,1,1,1
4,06,34,1,2,1,1,1,0,0,1,1,0,1,1,1
4,06,28,1,2,1,0,1,0,1,1,1,0,0,1,1
4,06,30,2,2,1,1,0,0,0,0,1,0,1,0,1
4,06,27,2,2,1,0,1,0,0,1,1,1,1,1,1
4,06,26,1,2,1,1,1,1,0,1,1,1,1,0,1
4,06,36,1,2,1,1,1,0,1,1,1,1,0,0,1
4,06,26,2,2,1,0,1,0,1,0,1,1,0,1,1
4,06,29,1,2,1,0,1,1,0,1,1,0,0,0,1
4,06,28,1,2,0,0,1,0,0,0,1,0,1,1,1
4,06,38,1,2,1,1,0,0,1,1,0,1,1,0,0
4,06,43,1,2,0,1,0,1,0,1,0,0,1,1,1
4,06,25,2,2,1,0,0,0,1,1,1,0,1,0,0
4,06,32,1,2,1,0,0,0,0,1,1,0,1,0,1
4,06,55,2,2,1,0,0,1,1,1,0,0,1,1,1
4,06,37,1,2,1,1,1,1,0,1,1,1,1,1,1
4,06,42,1,2,1,1,1,0,1,1,1,0,1,0,1
4,06,54,1,2,0,0,1,0,1,0,1,1,1,0,1
4,06,26,1,2,1,1,1,0,0,1,1,1,0,1,1
4,06,26,1,2,0,1,0,0,1,1,1,1,1,1,1
4,06,26,2,2,1,0,1,1,0,1,0,0,1,0,0
4,06,25,2,2,0,0,0,1,0,0,0,0,1,1,1
4,06,34,2,2,1,1,1,1,1,1,1,1,1,1,0
4,06,40,1,2,1,1,1,1,1,1,1,0,1,0,1
4,06,36,2,2,1,0,1,0,0,1,1,1,1,0,1
4,06,34,2,2,1,0,0,0,1,1,1,1,0,1,0
4,06,29,1,2,1,0,1,0,1,0,1,1,1,1,1
4,06,30,2,2,1,0,0,0,1,1,1,0,1,1,1
4,06,29,1,2,1,1,1,0,0,1,1,1,1,1,1
4,06,28,2,2,0,1,1,0,0,0,1,1,1,0,0
4,06,29,2,2,1,0,1,0,0,1,1,0,1,0,1
4,06,29,1,2,1,0,1,0,0,1,1,1,1,1,0
4,06,22,1,2,1,1,1,0,0,0,1,1,1,0,1
4,06,37,2,2,0,1,1,0,0,0,0,0,1,0,0
4,06,33,2,2,1,0,1,0,0,1,0,0,1,0,0
4,06,41,2,2,1,1,1,1,0,1,1,0,1,1,1
4,06,24,1,2,0,1,1,0,1,0,0,1,1,0,0
4,06,33,1,2,1,1,1,0,0,1,0,1,1,0,1
4,06,25,1,2,1,0,1,0,0,0,1,1,1,1,0
4,06,28,1,2,1,1,1,1,0,0,1,0,0,0,0
4,06,34,2,3,1,1,1,0,1,0,1,1,1,1,1
4,06,54,2,3,0,0,0,0,0,0,1,0,1,1,1
4,06,43,1,3,1,1,0,0,0,0,1,0,0,1,0
4,06,35,2,3,1,0,1,1,0,1,0,0,1,1,1
4,06,61,1,3,1,0,1,1,1,0,1,1,1,0,1
4,06,36,1,3,0,1,1,1,1,1,1,1,1,1,1
4,06,33,1,3,1,0,1,1,1,1,1,1,1,1,1
4,06,34,1,3,1,1,1,1,1,1,0,0,0,1,1
4,06,31,1,3,1,0,0,0,0,1,1,0,1,0,0
4,06,32,2,3,1,0,0,1,0,1,1,0,1,0,1
4,06,29,2,3,0,0,1,0,0,0,1,0,1,0,0
4,06,25,1,3,1,1,1,1,0,1,1,1,1,0,1
4,06,31,2,3,1,1,1,1,0,1,1,0,1,1,1
4,06,42,2,3,1,1,1,0,1,1,1,1,1,1,1
4,06,28,2,3,1,1,1,1,0,0,1,1,1,1,1
4,06,27,1,3,0,0,0,0,0,0,1,0,1,1,0
4,06,51,2,3,1,1,1,1,0,0,1,0,1,0,1
4,06,33,1,3,1,1,1,0,1,1,1,1,1,0,1
4,06,47,2,3,0,1,0,0,1,1,1,0,0,0,1
4,06,31,2,3,1,1,0,0,1,0,1,1,1,0,0
4,06,31,1,3,1,1,1,1,1,0,0,0,1,1,1
4,06,56,2,3,1,0,1,1,0,1,1,0,1,1,1
4,06,26,1,2,1,0,1,1,1,0,1,0,1,1,0
4,06,27,1,2,0,1,1,0,0,0,1,0,1,1,1
4,06,35,2,2,1,0,1,1,0,1,1,0,1,1,0
4,06,27,1,2,0,0,1,1,1,0,1,1,1,0,1
4,06,27,2,2,1,1,1,0,0,1,1,1,1,1,1
4,06,34,2,2,1,0,1,0,0,0,0,0,0,1,0
4,06,24,2,2,1,1,1,0,1,0,0,1,1,1,1
4,06,29,1,2,1,0,1,1,0,1,0,0,1,0,1
4,06,26,1,2,1,0,1,1,1,0,1,0,1,1,1
4,06,,1,2,1,0,1,0,0,1,1,1,1,1,0
4,06,25,1,2,1,0,0,1,0,1,1,0,1,0,1
4,06,57,1,2,0,1,1,0,0,1,1,0,0,0,1
4,06,24,2,2,1,1,1,0,1,1,0,0,1,1,1
4,06,24,2,2,1,0,1,0,1,1,0,0,1,1,0
4,06,25,2,2,1,0,1,0,1,1,1,0,1,1,0
4,06,26,1,2,1,1,0,0,0,0,1,1,0,0,0
4,06,41,1,2,1,1,1,0,0,1,1,1,1,1,0
4,06,37,2,2,1,0,1,1,0,1,1,0,1,1,0
4,06,32,2,2,1,1,1,0,1,1,1,0,,,
4,06,27,2,2,1,1,0,0,1,1,1,1,0,1,1
4,06,28,1,2,1,0,1,1,0,1,0,0,1,1,1
4,06,23,2,2,1,1,1,0,1,0,0,1,,,
4,06,29,1,2,1,1,0,0,1,1,1,0,1,1,1
4,06,25,1,2,1,0,0,1,0,1,1,1,1,1,1
4,06,26,1,2,1,1,1,0,0,1,1,1,1,1,1
4,06,32,1,2,1,0,1,0,1,0,1,1,1,0,1
4,06,25,1,2,1,0,0,0,0,1,1,1,1,1,0
4,06,27,1,2,0,1,1,1,0,0,1,0,1,0,1
4,06,26,2,2,1,0,1,1,0,0,1,1,1,1,1
4,06,32,1,2,0,0,1,1,1,1,1,1,1,1,1
4,06,27,2,2,0,1,1,0,1,0,1,0,0,0,1
4,06,26,1,2,1,1,1,0,1,0,1,1,,,
4,06,29,1,2,1,1,0,0,0,1,1,0,1,0,1
4,06,27,1,2,,1,1,1,1,1,,0,1,1,0
4,06,24,1,2,1,0,1,0,1,1,1,1,1,1,0
4,06,23,1,2,1,1,0,0,0,1,1,0,1,1,0
4,06,32,1,3,1,0,1,1,1,1,0,0,1,1,1
4,06,40,1,3,1,1,0,1,1,1,0,1,1,1,1
4,06,62,1,3,0,0,0,1,0,1,0,0,0,0,1
4,06,35,2,3,1,0,1,0,1,0,0,0,1,0,1
4,06,62,2,3,0,0,0,0,1,1,1,0,1,0,1
4,06,31,1,3,1,1,1,0,0,0,1,1,1,0,1
4,06,45,1,3,1,1,1,0,0,0,1,1,1,0,0
4,06,27,1,3,1,0,1,1,0,1,1,0,1,1,1
4,06,33,1,3,1,0,0,1,0,1,1,0,1,1,1
4,06,32,1,3,1,1,1,1,0,0,0,0,1,0,1
4,06,43,2,3,1,0,0,0,0,1,1,0,1,0,1
4,06,39,2,3,1,1,1,1,1,1,1,1,1,1,1
4,06,26,,3,1,1,1,1,1,0,1,1,1,1,1
4,06,73,1,3,1,0,1,1,1,1,1,0,1,1,1
4,06,38,2,3,1,0,0,0,0,1,1,0,1,0,1
4,06,45,2,3,0,1,0,0,0,1,0,0,0,1,1
4,06,25,1,3,1,1,0,1,1,1,1,1,1,1,1
4,06,28,1,3,1,0,1,1,0,1,0,1,1,1,0
4,06,32,2,3,0,1,1,0,0,1,1,0,1,0,1
4,06,30,1,3,1,1,1,1,1,1,1,1,1,1,1
4,06,31,2,3,0,0,1,1,1,1,1,1,1,0,1
4,06,32,1,3,0,0,1,0,0,0,1,1,1,0,1
4,06,43,2,3,1,1,1,0,1,1,1,0,1,1,1
4,06,34,2,3,1,1,1,1,1,1,1,1,1,0,1
4,06,27,2,3,1,0,1,1,0,1,1,1,1,0,0
